{
	"categories": [{
		"name": "Строительные блоки", "data": [
			{"name": "Коренная порода"},
			{"name": "Булыжник"},
			{"name": "Камень"},
			{"name": "Гранит"},
			{"name": "Гладкий гранит"},
			{"name": "Диорит"},
			{"name": "Гладкий диорит"},
			{"name": "Андезит"},
			{"name": "Гладкий андезит"},
			{"name": "Трава"},
			{"name": "Земля"},
			{"name": "Каменистая земля"},
			{"name": "Подзол"},
			{"name": "Мицелий"},
			{"name": "Песок"},
			{"name": "Красный песок"},
			{"name": "Гравий"},
			{"name": "Песчаник"},
			{"name": "Гладкий песчаник"},
			{"name": "Декоративный песчаник"},
			{"name": "Красный песчаник"},
			{"name": "Гладкий красный песчаник"},
			{"name": "Декоративный красный песчаник"},
			{"name": "Древесина (дуб)"},
			{"name": "Древесина (берёза)"},
			{"name": "Древесина (сосна)"},
			{"name": "Древесина (джунгли)"},
			{"name": "Древесина (акация)"},
			{"name": "Древесина (тёмный дуб)"},
			{"name": "Доски"},
			{"name": "Доски (берёза)"},
			{"name": "Доски (сосна)"},
			{"name": "Доски (джунгли)"},
			{"name": "Доски (акация)"},
			{"name": "Доски (тёмный дуб)"},
			{"name": "Золотая руда"},
			{"name": "Железная руда"},
			{"name": "Угольная руда"},
			{"name": "Лазуритовая руда"},
			{"name": "Алмазная руда"},
			{"name": "Красная руда"},
			{"name": "Изумрудная руда"},
			{"name": "Кварцевая руда Нижнего мира"},
			{"name": "Золотой блок"},
			{"name": "Железный блок"},
			{"name": "Угольный блок"},
			{"name": "Лазуритовый блок"},
			{"name": "Алмазный блок"},
			{"name": "Изумрудный блок"},
			{"name": "Кварцевый блок"},
			{"name": "Кварцевый пилон"},
			{"name": "Резной кварцевый блок"},
			{"name": "Губка"},
			{"name": "Мокрая губка"},
			{"name": "Стекло"},
			{"name": "Кирпичный блок"},
			{"name": "Книжный шкаф"},
			{"name": "Замшелый булыжник"},
			{"name": "Обсидиан"},
			{"name": "Лёд"},
			{"name": "Плотный лёд"},
			{"name": "Снег (блок)"},
			{"name": "Глиняный блок"},
			{"name": "Обожжённая глина"},
			{"name": "Вырезанная тыква"},
			{"name": "Светильник Джека"},
			{"name": "Арбуз"},
			{"name": "Адский камень"},
			{"name": "Песок душ"},
			{"name": "Светящийся камень"},
			{"name": "Адский кирпич"},
			{"name": "Камень Края"},
			{"name": "Каменный кирпич"},
			{"name": "Замшелый каменный кирпич"},
			{"name": "Потрескавшийся каменный кирпич"},
			{"name": "Резной каменный кирпич"},
			{"name": "Сноп сена"},
			{"name": "Призмарин"},
			{"name": "Призмариновый кирпич"},
			{"name": "Тёмный призмарин"},
			{"name": "Морской фонарь"},
			{"name": "Спаунер мобов"},
			{"name": "Барьер"},
			{"name": "Каменный кирпич Края"},
			{"name": "Пурпурный блок"},
			{"name": "Пурпурный пилон"},
			{"name": "Магмовый блок"},
			{"name": "Блок адского нароста"},
			{"name": "Красный адский кирпич"},
			{"name": "Костяной блок"},
			{"name": "Дубовая кора"},
			{"name": "Берёзовая кора"},
			{"name": "Еловая кора"},
			{"name": "Кора тропического дерева"},
			{"name": "Акациевая кора"},
			{"name": "Кора тёмного дуба"},
			{"name": "Обтёсанная дубовая древесина"},
			{"name": "Обтёсанная берёзовая древесина"},
			{"name": "Обтёсанная еловая древесина"},
			{"name": "Обтёсанная древесина тропического дерева"},
			{"name": "Обтёсанная акациевая древесина"},
			{"name": "Обтёсанная древесина тёмного дуба"},
			{"name": "Тыква"},
			{"name": "Синий лёд"},
			{"name": "Блок сушёной ламинарии"},
			{"name": "Трубчатый коралловый блок"},
			{"name": "Мозговой коралловый блок"},
			{"name": "Пузырчатый коралловый блок"},
			{"name": "Огненный коралловый блок"},
			{"name": "Роговый коралловый блок"},
			{"name": "Трубчатый мёртвый коралловый блок"},
			{"name": "Мозговой мёртвый коралловый блок"},
			{"name": "Пузырчатый мёртвый коралловый блок"},
			{"name": "Огненный мёртвый коралловый блок"},
			{"name": "Роговый мёртвый коралловый блок"}
		]},{
		"name": "Декоративные блоки", "data": [
			{"name": "Дубовый саженец"},
			{"name": "Саженец (берёза)"},
			{"name": "Саженец (сосна)"},
			{"name": "Саженец (джунгли)"},
			{"name": "Саженец (акация)"},
			{"name": "Саженец (тёмный дуб)"},
			{"name": "Листва"},
			{"name": "Листва (берёза)"},
			{"name": "Листва (сосна)"},
			{"name": "Листва (джунгли)"},
			{"name": "Листва (акация)"},
			{"name": "Листва (тёмный дуб)"},
			{"name": "Паутина"},
			{"name": "Высокая трава"},
			{"name": "Сухой куст"},
			{"name": "Папоротник"},
			{"name": "Двойная высокая трава"},
			{"name": "Раскидистый папоротник"},
			{"name": "Одуванчик"},
			{"name": "Мак"},
			{"name": "Синяя орхидея"},
			{"name": "Лук (цветок)"},
			{"name": "Хаустония серая"},
			{"name": "Красный тюльпан"},
			{"name": "Оранжевый тюльпан"},
			{"name": "Белый тюльпан"},
			{"name": "Розовый тюльпан"},
			{"name": "Нивяник"},
			{"name": "Подсолнечник"},
			{"name": "Сирень"},
			{"name": "Розовый куст"},
			{"name": "Пион"},
			{"name": "Лианы"},
			{"name": "Кувшинка"},
			{"name": "Кактус"},
			{"name": "Коричневый гриб"},
			{"name": "Красный гриб"},
			{"name": "Снег (слой)"},
			{"name": "Факел"},
			{"name": "Сундук"},
			{"name": "Сундук-ловушка"},
			{"name": "Сундук Края"},
			{"name": "Верстак"},
			{"name": "Печка"},
			{"name": "Лестница"},
			{"name": "Проигрыватель"},
			{"name": "Железная решётка"},
			{"name": "Стеклянная панель"},
			{"name": "Рамка портала Края"},
			{"name": "Наковальня"},
			{"name": "Блок слизи"},
			{"name": "Картина"},
			{"name": "Табличка"},
			{"name": "Рамка"},
			{"name": "Цветочный горшок"},
			{"name": "Стойка для брони"},
			{"name": "Маяк"},
			{"name": "Голова"},
			{"name": "Голова зомби"},
			{"name": "Голова крипера"},
			{"name": "Череп скелета"},
			{"name": "Череп скелета-иссушителя"},
			{"name": "Голова дракона"},
			{"name": "Стол зачаровывания"},
			{"name": "Растение коруса"},
			{"name": "Цветок коруса"},
			{"name": "Стержень Края"},
			{"name": "Яйцо дракона"},
			{"name": "Белая кровать"},
			{"name": "Оранжевая кровать"},
			{"name": "Сиреневая кровать"},
			{"name": "Светло-синяя кровать"},
			{"name": "Жёлтая кровать"},
			{"name": "Лаймовая кровать"},
			{"name": "Розовая кровать"},
			{"name": "Серая кровать"},
			{"name": "Светло-серая кровать"},
			{"name": "Бирюзовая кровать"},
			{"name": "Фиолетовая кровать"},
			{"name": "Синяя кровать"},
			{"name": "Коричневая кровать"},
			{"name": "Зелёная кровать"},
			{"name": "Красная кровать"},
			{"name": "Чёрная кровать"},
			{"name": "Ламинария"},
			{"name": "Морская трава"},
			{"name": "Морской огурец"},
			{"name": "Морской проводник"},
			{"name": "Трубчатый коралл"},
			{"name": "Мозговой коралл"},
			{"name": "Пузырчатый коралл"},
			{"name": "Огненный коралл"},
			{"name": "Роговый коралл"},
			{"name": "Трубчатый веерный коралл"},
			{"name": "Мозговой веерный коралл"},
			{"name": "Пузырчатый веерный коралл"},
			{"name": "Огненный веерный коралл"},
			{"name": "Роговой веерный коралл"},
			{"name": "Мёртвый трубчатый веерный коралл"},
			{"name": "Мёртвый мозговой веерный коралл"},
			{"name": "Мёртвый пузырчатый веерный коралл"},
			{"name": "Мёртвый огненный веерный коралл"},
			{"name": "Мёртвый роговой веерный коралл"}
		]},{
		"name": "Ступени и заборы", "data": [
			{"name": "Деревянные ступени"},
			{"name": "Деревянные ступени (берёза)"},
			{"name": "Деревянные ступени (сосна)"},
			{"name": "Деревянные ступени (джунгли)"},
			{"name": "Деревянные ступени (акация)"},
			{"name": "Деревянные ступени (тёмный дуб)"},
			{"name": "Булыжниковые ступени"},
			{"name": "Кирпичные ступени"},
			{"name": "Каменнокирпичные ступени"},
			{"name": "Адские ступени"},
			{"name": "Песчаниковые ступени"},
			{"name": "Кварцевые ступени"},
			{"name": "Ступени из красного песчаника"},
			{"name": "Деревянная плита"},
			{"name": "Деревянная плита (берёза)"},
			{"name": "Деревянная плита (сосна)"},
			{"name": "Деревянная плита (джунгли)"},
			{"name": "Деревянная плита (акация)"},
			{"name": "Деревянная плита (тёмный дуб)"},
			{"name": "Булыжниковая плита"},
			{"name": "Кирпичная плита"},
			{"name": "Каменная плита"},
			{"name": "Каменнокирпичная плита"},
			{"name": "Плита из адского кирпича"},
			{"name": "Песчаниковая плита"},
			{"name": "Кварцевая плита"},
			{"name": "Плита из красного песчаника"},
			{"name": "Забор"},
			{"name": "Берёзовый забор"},
			{"name": "Сосновый забор"},
			{"name": "Забор джунглей"},
			{"name": "Акациевый забор"},
			{"name": "Тёмно-дубовый забор"},
			{"name": "Адский забор"},
			{"name": "Булыжниковая стена"},
			{"name": "Замшелая булыжниковая стена"},
			{"name": "Пурпурная плита"},
			{"name": "Пурпурные ступени"}
		]},{
		"name": "Красители и цветные блоки", "data": [
			{"name": "Костная мука"},
			{"name": "Оранжевый краситель"},
			{"name": "Сиреневый краситель"},
			{"name": "Светло-синий краситель"},
			{"name": "Жёлтый одуванчиковый"},
			{"name": "Лаймовый краситель"},
			{"name": "Розовый краситель"},
			{"name": "Серый краситель"},
			{"name": "Светло-серый краситель"},
			{"name": "Бирюзовый краситель"},
			{"name": "Фиолетовый краситель"},
			{"name": "Лазурит"},
			{"name": "Какао-бобы"},
			{"name": "Кактусовая зелень"},
			{"name": "Красный краситель"},
			{"name": "Чернильный мешок"},
			{"name": "Белая шерсть"},
			{"name": "Оранжевая шерсть"},
			{"name": "Сиреневая шерсть"},
			{"name": "Светло-синяя шерсть"},
			{"name": "Жёлтая шерсть"},
			{"name": "Лаймовая шерсть"},
			{"name": "Розовая шерсть"},
			{"name": "Серая шерсть"},
			{"name": "Светло-серая шерсть"},
			{"name": "Бирюзовая шерсть"},
			{"name": "Фиолетовая шерсть"},
			{"name": "Синяя шерсть"},
			{"name": "Коричневая шерсть"},
			{"name": "Зелёная шерсть"},
			{"name": "Красная шерсть"},
			{"name": "Чёрная шерсть"},
			{"name": "Белый ковёр"},
			{"name": "Оранжевый ковёр"},
			{"name": "Сиреневый ковёр"},
			{"name": "Светло-синий ковёр"},
			{"name": "Жёлтый ковёр"},
			{"name": "Лаймовый ковёр"},
			{"name": "Розовый ковёр"},
			{"name": "Серый ковёр"},
			{"name": "Светло-серый ковёр"},
			{"name": "Бирюзовый ковёр"},
			{"name": "Фиолетовый ковёр"},
			{"name": "Синий ковёр"},
			{"name": "Коричневый ковёр"},
			{"name": "Зелёный ковёр"},
			{"name": "Красный ковёр"},
			{"name": "Чёрный ковёр"},
			{"name": "Белый флаг"},
			{"name": "Оранжевый флаг"},
			{"name": "Сиреневый флаг"},
			{"name": "Светло-синий флаг"},
			{"name": "Жёлтый флаг"},
			{"name": "Лаймовый флаг"},
			{"name": "Розовый флаг"},
			{"name": "Серый флаг"},
			{"name": "Светло-серый флаг"},
			{"name": "Бирюзовый флаг"},
			{"name": "Фиолетовый флаг"},
			{"name": "Синий флаг"},
			{"name": "Коричневый флаг"},
			{"name": "Зелёный флаг"},
			{"name": "Красный флаг"},
			{"name": "Чёрный флаг"},
			{"name": "Белое окрашенное стекло"},
			{"name": "Оранжевое окрашенное стекло"},
			{"name": "Сиреневое окрашенное стекло"},
			{"name": "Светло-синее окрашенное стекло"},
			{"name": "Жёлтое окрашенное стекло"},
			{"name": "Лаймовое окрашенное стекло"},
			{"name": "Розовое окрашенное стекло"},
			{"name": "Серое окрашенное стекло"},
			{"name": "Светло-серое окрашенное стекло"},
			{"name": "Бирюзовое окрашенное стекло"},
			{"name": "Фиолетовое окрашенное стекло"},
			{"name": "Синее окрашенное стекло"},
			{"name": "Коричневое окрашенное стекло"},
			{"name": "Зелёное окрашенное стекло"},
			{"name": "Красное окрашенное стекло"},
			{"name": "Чёрное окрашенное стекло"},
			{"name": "Белая окрашенная стеклянная панель"},
			{"name": "Оранжевая окрашенная стеклянная панель"},
			{"name": "Сиреневая окрашенная стеклянная панель"},
			{"name": "Светло-синяя окрашенная стеклянная панель"},
			{"name": "Жёлтая окрашенная стеклянная панель"},
			{"name": "Лаймовая окрашенная стеклянная панель"},
			{"name": "Розовая окрашенная стеклянная панель"},
			{"name": "Серая окрашенная стеклянная панель"},
			{"name": "Светло-серая окрашенная стеклянная панель"},
			{"name": "Бирюзовая окрашенная стеклянная панель"},
			{"name": "Фиолетовая окрашенная стеклянная панель"},
			{"name": "Синяя окрашенная стеклянная панель"},
			{"name": "Коричневая окрашенная стеклянная панель"},
			{"name": "Зелёная окрашенная стеклянная панель"},
			{"name": "Красная окрашенная стеклянная панель"},
			{"name": "Чёрная окрашенная стеклянная панель"},
			{"name": "Белая обожжённая глина"},
			{"name": "Оранжевая обожжённая глина"},
			{"name": "Сиреневая обожжённая глина"},
			{"name": "Светло-синяя обожжённая глина"},
			{"name": "Жёлтая обожжённая глина"},
			{"name": "Лаймовая обожжённая глина"},
			{"name": "Розовая обожжённая глина"},
			{"name": "Серая обожжённая глина"},
			{"name": "Светло-серая обожжённая глина"},
			{"name": "Бирюзовая обожжённая глина"},
			{"name": "Фиолетовая обожжённая глина"},
			{"name": "Синяя обожжённая глина"},
			{"name": "Коричневая обожжённая глина"},
			{"name": "Зелёная обожжённая глина"},
			{"name": "Красная обожжённая глина"},
			{"name": "Чёрная обожжённая глина"},
			{"name": "Белый ящик шалкера"},
			{"name": "Оранжевый ящик шалкера"},
			{"name": "Сиреневый ящик шалкера"},
			{"name": "Светло-синий ящик шалкера"},
			{"name": "Жёлтый ящик шалкера"},
			{"name": "Лаймовый ящик шалкера"},
			{"name": "Розовый ящик шалкера"},
			{"name": "Серый ящик шалкера"},
			{"name": "Светло-серый ящик шалкера"},
			{"name": "Бирюзовый ящик шалкера"},
			{"name": "Фиолетовый ящик шалкера"},
			{"name": "Синий ящик шалкера"},
			{"name": "Коричневый ящик шалкера"},
			{"name": "Зелёный ящик шалкера"},
			{"name": "Красный ящик шалкера"},
			{"name": "Чёрный ящик шалкера"},
			{"name": "Белый бетон"},
			{"name": "Оранжевый бетон"},
			{"name": "Сиреневый бетон"},
			{"name": "Светло-синий бетон"},
			{"name": "Жёлтый бетон"},
			{"name": "Лаймовый бетон"},
			{"name": "Розовый бетон"},
			{"name": "Серый бетон"},
			{"name": "Светло-серый бетон"},
			{"name": "Бирюзовый бетон"},
			{"name": "Фиолетовый бетон"},
			{"name": "Синий бетон"},
			{"name": "Коричневый бетон"},
			{"name": "Зелёный бетон"},
			{"name": "Красный бетон"},
			{"name": "Чёрный бетон"},
			{"name": "Белый цемент"},
			{"name": "Оранжевый цемент"},
			{"name": "Сиреневый цемент"},
			{"name": "Светло-синий цемент"},
			{"name": "Жёлтый цемент"},
			{"name": "Лаймовый цемент"},
			{"name": "Розовый цемент"},
			{"name": "Серый цемент"},
			{"name": "Светло-серый цемент"},
			{"name": "Бирюзовый цемент"},
			{"name": "Фиолетовый цемент"},
			{"name": "Синий цемент"},
			{"name": "Коричневый цемент"},
			{"name": "Зелёный цемент"},
			{"name": "Красный цемент"},
			{"name": "Чёрный цемент"},
			{"name": "Белая глазурованная керамика"},
			{"name": "Оранжевая глазурованная керамика"},
			{"name": "Сиреневая глазурованная керамика"},
			{"name": "Светло-синяя глазурованная керамика"},
			{"name": "Жёлтая глазурованная керамика"},
			{"name": "Лаймовая глазурованная керамика"},
			{"name": "Розовая глазурованная керамика"},
			{"name": "Серая глазурованная керамика"},
			{"name": "Светло-серая глазурованная керамика"},
			{"name": "Бирюзовая глазурованная керамика"},
			{"name": "Фиолетовая глазурованная керамика"},
			{"name": "Синяя глазурованная керамика"},
			{"name": "Коричневая глазурованная керамика"},
			{"name": "Зелёная глазурованная керамика"},
			{"name": "Красная глазурованная керамика"},
			{"name": "Чёрная глазурованная керамика"}
		]},{
		"name": "Механизмы и транспорт", "data": [
			{"name": "Раздатчик"},
			{"name": "Музыкальный блок"},
			{"name": "Липкий поршень"},
			{"name": "Поршень"},
			{"name": "ТНТ"},
			{"name": "Рычаг"},
			{"name": "Каменная нажимная пластина"},
			{"name": "Деревянная нажимная пластина"},
			{"name": "Красный факел"},
			{"name": "Каменная кнопка"},
			{"name": "Люк"},
			{"name": "Ворота"},
			{"name": "Еловые ворота"},
			{"name": "Берёзовые ворота"},
			{"name": "Ворота из дерева джунглей"},
			{"name": "Ворота из акации"},
			{"name": "Ворота из тёмного дуба"},
			{"name": "Лампа"},
			{"name": "Натяжной датчик"},
			{"name": "Деревянная кнопка"},
			{"name": "Утяжелённая нажимная пластина (лёгкая)"},
			{"name": "Утяжелённая нажимная пластина (тяжёлая)"},
			{"name": "Датчик дневного света"},
			{"name": "Блок красного камня"},
			{"name": "Загрузочная воронка"},
			{"name": "Выбрасыватель"},
			{"name": "Железный люк"},
			{"name": "Красная пыль"},
			{"name": "Красный повторитель"},
			{"name": "Компаратор"},
			{"name": "Дубовая дверь"},
			{"name": "Еловая дверь"},
			{"name": "Берёзовая дверь"},
			{"name": "Дверь из дерева джунглей"},
			{"name": "Дверь из акации"},
			{"name": "Дверь из тёмного дуба"},
			{"name": "Железная дверь"},
			{"name": "Командный блок"},
			{"name": "Цепной командный блок"},
			{"name": "Цикличный командный блок"},
			{"name": "Электрические рельсы"},
			{"name": "Нажимные рельсы"},
			{"name": "Рельсы"},
			{"name": "Активирующие рельсы"},
			{"name": "Вагонетка"},
			{"name": "Седло"},
			{"name": "Лодка"},
			{"name": "Вагонетка с сундуком"},
			{"name": "Вагонетка с печкой"},
			{"name": "Удочка с морковью"},
			{"name": "Вагонетка с ТНТ"},
			{"name": "Вагонетка с воронкой"},
			{"name": "Структурный блок сохранения"},
			{"name": "Структурный блок загрузки"},
			{"name": "Структурный блок размера"},
			{"name": "Структурный блок данных"},
			{"name": "Наблюдатель"},
			{"name": "Берёзовая нажимная плита"},
			{"name": "Еловая нажимная плита"},
			{"name": "Нажимная плита из тропического дерева"},
			{"name": "Акациевая нажимная плита"},
			{"name": "Нажимная плита из тёмного дуба"},
			{"name": "Берёзовая кнопка"},
			{"name": "Еловая кнопка"},
			{"name": "Кнопка из тропического дерева"},
			{"name": "Акациевая кнопка"},
			{"name": "Кнопка из тёмного дуба"},
			{"name": "Берёзовый люк"},
			{"name": "Еловый люк"},
			{"name": "Люк из тропического дерева"},
			{"name": "Акациевый люк"},
			{"name": "Люк из тёмного дуба"}
		]},{
		"name": "Еда", "data": [
			{"name": "Яблоко"},
			{"name": "Золотое яблоко"},
			{"name": "Зачарованное золотое яблоко"},
			{"name": "Тушёные грибы"},
			{"name": "Хлеб"},
			{"name": "Торт"},
			{"name": "Тыквенный пирог"},
			{"name": "Печенье"},
			{"name": "Ломтик арбуза"},
			{"name": "Морковь"},
			{"name": "Картофель"},
			{"name": "Печёный картофель"},
			{"name": "Сырая свинина"},
			{"name": "Жареная свинина"},
			{"name": "Сырая говядина"},
			{"name": "Жареная говядина"},
			{"name": "Сырая курятина"},
			{"name": "Жареная курятина"},
			{"name": "Сырая баранина"},
			{"name": "Жареная баранина"},
			{"name": "Сырая крольчатина"},
			{"name": "Жареная крольчатина"},
			{"name": "Тушёный кролик"},
			{"name": "Сырая рыба"},
			{"name": "Жареная рыба"},
			{"name": "Сырой лосось"},
			{"name": "Жареный лосось"},
			{"name": "Рыба-клоун"},
			{"name": "Иглобрюх"},
			{"name": "Гнилая плоть"},
			{"name": "Паучий глаз"},
			{"name": "Ядовитый картофель"},
			{"name": "Плод коруса"},
			{"name": "Свёкла"},
			{"name": "Свекольный суп"},
			{"name": "Сушёная ламинария"}
		]},{
		"name": "Броня, оружие и инструменты", "data": [
			{"name": "Кожаный шлем"},
			{"name": "Железный шлем"},
			{"name": "Золотой шлем"},
			{"name": "Алмазный шлем"},
			{"name": "Кольчужный шлем"},
			{"name": "Кожаная кираса"},
			{"name": "Железная кираса"},
			{"name": "Золотая кираса"},
			{"name": "Алмазная кираса"},
			{"name": "Кольчужная кираса"},
			{"name": "Кожаные поножи"},
			{"name": "Железные поножи"},
			{"name": "Золотые поножи"},
			{"name": "Алмазные поножи"},
			{"name": "Кольчужные поножи"},
			{"name": "Кожаные ботинки"},
			{"name": "Железные ботинки"},
			{"name": "Золотые ботинки"},
			{"name": "Алмазные ботинки"},
			{"name": "Кольчужные ботинки"},
			{"name": "Деревянный меч"},
			{"name": "Каменный меч"},
			{"name": "Железный меч"},
			{"name": "Золотой меч"},
			{"name": "Алмазный меч"},
			{"name": "Лук"},
			{"name": "Стрела"},
			{"name": "Деревянная лопата"},
			{"name": "Каменная лопата"},
			{"name": "Железная лопата"},
			{"name": "Золотая лопата"},
			{"name": "Алмазная лопата"},
			{"name": "Деревянная кирка"},
			{"name": "Каменная кирка"},
			{"name": "Железная кирка"},
			{"name": "Золотая кирка"},
			{"name": "Алмазная кирка"},
			{"name": "Деревянный топор"},
			{"name": "Каменный топор"},
			{"name": "Железный топор"},
			{"name": "Золотой топор"},
			{"name": "Алмазный топор"},
			{"name": "Деревянная мотыга"},
			{"name": "Каменная мотыга"},
			{"name": "Железная мотыга"},
			{"name": "Золотая мотыга"},
			{"name": "Алмазная мотыга"},
			{"name": "Огниво"},
			{"name": "Компас"},
			{"name": "Удочка"},
			{"name": "Часы"},
			{"name": "Ножницы"},
			{"name": "Поводок"},
			{"name": "Бирка"},
			{"name": "Призрачная стрела"},
			{"name": "Стрела лечения"},
			{"name": "Стрела огнестойкости"},
			{"name": "Стрела урона"},
			{"name": "Стрела отравления"},
			{"name": "Стрела регенерации"},
			{"name": "Стрела замедления"},
			{"name": "Стрела силы"},
			{"name": "Стрела ускорения"},
			{"name": "Стрела слабости"},
			{"name": "Стрела ночного зрения"},
			{"name": "Стрела прыгучести"},
			{"name": "Стрела невидимости"},
			{"name": "Стрела подводного дыхания"},
			{"name": "Надкрылья"},
			{"name": "Щит"},
			{"name": "Белый щит"},
			{"name": "Оранжевый щит"},
			{"name": "Сиреневый щит"},
			{"name": "Светло-синий щит"},
			{"name": "Жёлтый щит"},
			{"name": "Лаймовый щит"},
			{"name": "Розовый щит"},
			{"name": "Серый щит"},
			{"name": "Светло-серый щит"},
			{"name": "Бирюзовый щит"},
			{"name": "Фиолетовый щит"},
			{"name": "Синий щит"},
			{"name": "Коричневый щит"},
			{"name": "Зелёный щит"},
			{"name": "Красный щит"},
			{"name": "Чёрный щит"},
			{"name": "Тотем бессмертия"},
			{"name": "Черепаший панцирь"},
			{"name": "Трезубец"}
		]},{
		"name": "Материалы", "data": [
			{"name": "Уголь"},
			{"name": "Древесный уголь"},
			{"name": "Алмаз"},
			{"name": "Железный слиток"},
			{"name": "Золотой слиток"},
			{"name": "Палка"},
			{"name": "Миска"},
			{"name": "Нить"},
			{"name": "Перо"},
			{"name": "Порох"},
			{"name": "Семена пшеницы"},
			{"name": "Пшеница"},
			{"name": "Кремень"},
			{"name": "Кожа"},
			{"name": "Кирпич"},
			{"name": "Глина"},
			{"name": "Сахарный тростник"},
			{"name": "Яйцо"},
			{"name": "Светопыль"},
			{"name": "Сахар"},
			{"name": "Семена тыквы"},
			{"name": "Семена арбуза"},
			{"name": "Огненный стержень"},
			{"name": "Золотой самородок"},
			{"name": "Адский нарост"},
			{"name": "Изумруд"},
			{"name": "Звезда Нижнего мира"},
			{"name": "Адский кирпич (предмет)"},
			{"name": "Кварц Нижнего мира"},
			{"name": "Призмариновый осколок"},
			{"name": "Призмариновый кристалл"},
			{"name": "Кроличья шкурка"},
			{"name": "Приготовленный плод коруса"},
			{"name": "Семена свёклы"},
			{"name": "Панцирь шалкера"},
			{"name": "Мембрана фантома"},
			{"name": "Раковина наутилуса"},
			{"name": "Сердце моря"},
			{"name": "Щиток"}
		]},{
		"name": "Зельеварение", "data": [
			{"name": "Варочная стойка"},
			{"name": "Котёл"},
			{"name": "Слеза гаста"},
			{"name": "Приготовленный паучий глаз"},
			{"name": "Огненный порошок"},
			{"name": "Лавовый крем"},
			{"name": "Сверкающий ломтик арбуза"},
			{"name": "Золотая морковь"},
			{"name": "Кроличья лапка"},
			{"name": "Колба"},
			{"name": "Колба воды"},
			{"name": "Непримечательное зелье"},
			{"name": "Грубое зелье"},
			{"name": "Густое зелье"},
			{"name": "Зелье лечения"},
			{"name": "Зелье огнестойкости"},
			{"name": "Зелье урона"},
			{"name": "Зелье отравления"},
			{"name": "Зелье регенерации"},
			{"name": "Зелье замедления"},
			{"name": "Зелье силы"},
			{"name": "Зелье ускорения"},
			{"name": "Зелье слабости"},
			{"name": "Зелье ночного зрения"},
			{"name": "Зелье прыгучести"},
			{"name": "Зелье невидимости"},
			{"name": "Зелье подводного дыхания"},
			{"name": "Взрывающееся непримечательное зелье"},
			{"name": "Взрывающееся зелье лечения"},
			{"name": "Взрывающееся зелье огнестойкости"},
			{"name": "Взрывающееся зелье урона"},
			{"name": "Взрывающееся зелье отравления"},
			{"name": "Взрывающееся зелье регенерации"},
			{"name": "Взрывающееся зелье замедления"},
			{"name": "Взрывающееся зелье силы"},
			{"name": "Взрывающееся зелье ускорения"},
			{"name": "Взрывающееся зелье слабости"},
			{"name": "Взрывающееся зелье ночного зрения"},
			{"name": "Взрывающееся зелье прыгучести"},
			{"name": "Взрывающееся зелье невидимости"},
			{"name": "Взрывающееся зелье подводного дыхания"},
			{"name": "Оседающее непримечательное зелье"},
			{"name": "Оседающее зелье лечения"},
			{"name": "Оседающее зелье огнестойкости"},
			{"name": "Оседающее зелье урона"},
			{"name": "Оседающее зелье отравления"},
			{"name": "Оседающее зелье регенерации"},
			{"name": "Оседающее зелье замедления"},
			{"name": "Оседающее зелье силы"},
			{"name": "Оседающее зелье ускорения"},
			{"name": "Оседающее зелье слабости"},
			{"name": "Оседающее зелье ночного зрения"},
			{"name": "Оседающее зелье прыгучести"},
			{"name": "Оседающее зелье невидимости"},
			{"name": "Оседающее зелье подводного дыхания"},
			{"name": "Драконье дыхание"},
			{"name": "Зелье удачи"},
			{"name": "Черепашье зелье"},
			{"name": "Зелье медленного падения"},
			{"name": "Взрывающееся черепашье зелье"},
			{"name": "Взрывающееся зелье медленного падения"},
			{"name": "Оседающее черепашье зелье"},
			{"name": "Оседающее зелье медленного падения"}
		]},{
		"name": "Разное", "data": [
			{"name": "Ведро"},
			{"name": "Ведро воды"},
			{"name": "Ведро лавы"},
			{"name": "Молоко"},
			{"name": "Снежок"},
			{"name": "Бумага"},
			{"name": "Книга"},
			{"name": "Книга с пером"},
			{"name": "Написанная книга"},
			{"name": "Зачарованная книга"},
			{"name": "Пустая карта"},
			{"name": "Карта"},
			{"name": "Карта сокровищ - подводная крепость"},
			{"name": "Карта сокровищ - лесной особняк"},
			{"name": "Слизь"},
			{"name": "Кость"},
			{"name": "Жемчуг Края"},
			{"name": "Око Края"},
			{"name": "Зелье опыта"},
			{"name": "Огненный шар"},
			{"name": "Звёздочка"},
			{"name": "Железная конская броня"},
			{"name": "Золотая конская броня"},
			{"name": "Алмазная конская броня"},
			{"name": "Золотая пластинка"},
			{"name": "Зелёная пластинка"},
			{"name": "Пластинка Blocks"},
			{"name": "Пластинка Chirp"},
			{"name": "Пластинка Far"},
			{"name": "Пластинка Mall"},
			{"name": "Пластинка Mellohi"},
			{"name": "Пластинка Stal"},
			{"name": "Пластинка Strad"},
			{"name": "Пластинка Ward"},
			{"name": "Пластинка 11"},
			{"name": "Пластинка Wait"},
			{"name": "Ракета"},
			{"name": "Структурная пустота"},
			{"name": "Ведро с треской"},
			{"name": "Ведро с лососем"},
			{"name": "Ведро с тропической рыбой"},
			{"name": "Ведро с иглобрюхом"},
			{"name": "Черепашье яйцо"}
		]},{
		"name": "Яйца призыва", "data": [
			{"name": "Яйцо призыва крипера"},
			{"name": "Яйцо призыва скелета"},
			{"name": "Яйцо призыва паука"},
			{"name": "Яйцо призыва зомби"},
			{"name": "Яйцо призыва слизня"},
			{"name": "Яйцо призыва гаста"},
			{"name": "Яйцо призыва зомби-свиночеловека"},
			{"name": "Яйцо призыва странника Края"},
			{"name": "Яйцо призыва пещерного паука"},
			{"name": "Яйцо призыва чешуйницы"},
			{"name": "Яйцо призыва ифрита"},
			{"name": "Яйцо призыва лавового куба"},
			{"name": "Яйцо призыва летучей мыши"},
			{"name": "Яйцо призыва ведьмы"},
			{"name": "Яйцо призыва чешуйницы Края"},
			{"name": "Яйцо призыва стража"},
			{"name": "Яйцо призыва шалкера"},
			{"name": "Яйцо призыва свиньи"},
			{"name": "Яйцо призыва овцы"},
			{"name": "Яйцо призыва коровы"},
			{"name": "Яйцо призыва курицы"},
			{"name": "Яйцо призыва спрута"},
			{"name": "Яйцо призыва волка"},
			{"name": "Яйцо призыва грибной коровы"},
			{"name": "Яйцо призыва оцелота"},
			{"name": "Яйцо призыва лошади"},
			{"name": "Яйцо призыва осла"},
			{"name": "Яйцо призыва мула"},
			{"name": "Яйцо призыва кролика"},
			{"name": "Яйцо призыва белого медведя"},
			{"name": "Яйцо призыва деревенского жителя"},
			{"name": "Яйцо призыва скелета-иссушителя"},
			{"name": "Яйцо призыва зимогора"},
			{"name": "Яйцо призыва кадавра"},
			{"name": "Яйцо призыва лошади-скелета"},
			{"name": "Яйцо призыва лошади-зомби"},
			{"name": "Яйцо призыва зомби-жителя"},
			{"name": "Яйцо призыва древнего стража"},
			{"name": "Яйцо призыва ламы"},
			{"name": "Яйцо призыва вызывателя"},
			{"name": "Яйцо призыва поборника"},
			{"name": "Яйцо призыва досаждателя"},
			{"name": "Яйцо призыва попугая"},
			{"name": "Яйцо призыва дельфина"},
			{"name": "Яйцо призыва черепахи"},
			{"name": "Яйцо призыва фантома"},
			{"name": "Яйцо призыва утопленника"},
			{"name": "Яйцо призыва трески"},
			{"name": "Яйцо призыва лосося"},
			{"name": "Яйцо призыва тропической рыбы"},
			{"name": "Яйцо призыва иглобрюха"}
		]}
	]
}